Time Elapsed (s),Total Energy,Algae Population,Algae Energy,Ciliate Population,Ciliate Energy
1,47.42000000000001,33,33,10,14.42000000000001
2,50.95000000000001,35,35,10,15.95000000000001
3,50.95000000000001,35,35,10,15.95000000000001
4,50.95000000000001,35,35,10,15.95000000000001
5,50.95000000000001,35,35,10,15.95000000000001
6,50.95000000000001,35,35,10,15.95000000000001
7,50.930000000000014,35,35,10,15.930000000000016
8,56.34,37,37,10,19.340000000000007
9,62.75000000000001,41,41,10,21.750000000000007
10,69.16000000000005,44,44,10,25.16000000000006
11,74.52900000000007,48,48,11,26.52900000000007
12,77.85900000000007,48,48,12,29.859000000000073
13,81.15100000000005,48,48,12,33.15100000000005
14,86.45500000000007,47,47,12,39.45500000000007
15,93.77100000000004,52,52,12,41.77100000000004
16,96.44700000000003,53,53,12,43.447000000000024
17,97.73899999999998,49,49,12,48.73899999999997
18,102.36699999999993,49,49,12,53.36699999999994
19,102.36699999999993,49,49,12,53.36699999999994
20,102.36699999999993,49,49,12,53.36699999999994
21,102.36699999999993,49,49,12,53.36699999999994
22,102.36699999999993,49,49,12,53.36699999999994
23,103.17499999999993,50,50,12,53.17499999999992
24,106.45499999999993,46,46,12,60.45499999999993
25,115.74699999999999,53,53,12,62.74699999999998
26,117.03900000000004,51,51,12,66.03900000000004
27,121.31900000000017,53,53,12,68.31900000000017
28,131.62100000000032,59,59,9,72.62100000000031
29,139.08100000000042,66,66,9,73.08100000000043
30,145.50400000000053,74,74,10,71.50400000000053
31,151.90400000000068,79,79,10,72.90400000000066
32,158.32400000000075,82,82,10,76.32400000000077
33,160.28400000000076,84,84,10,76.28400000000076
34,160.28400000000076,84,84,10,76.28400000000076
35,160.28400000000076,84,84,10,76.28400000000076
36,160.28400000000076,84,84,10,76.28400000000076
37,162.06400000000082,85,85,10,77.06400000000082
38,168.4840000000009,87,87,10,81.4840000000009
39,175.8710000000011,93,93,12,82.87100000000109
40,178.10200000000128,89,89,14,89.10200000000127
41,186.26200000000142,91,91,14,95.26200000000144
42,195.43600000000163,96,96,14,99.43600000000161
43,200.55900000000184,93,93,15,107.55900000000184
44,204.6740000000021,94,94,15,110.67400000000211
45,205.78900000000237,90,90,15,115.78900000000237
46,213.86800000000267,92,92,16,121.86800000000265
47,215.92400000000302,90,90,16,125.92400000000302
48,218.98000000000349,91,91,16,127.98000000000349
49,226.03600000000387,95,95,16,131.03600000000387
50,179.28200000000209,99,99,12,80.2820000000021
51,180.49700000000223,95,95,14,85.49700000000225
52,185.68500000000236,93,93,14,92.68500000000236
53,191.83100000000252,90,90,14,101.83100000000252
54,200.00500000000275,92,92,14,108.00500000000275
55,197.19100000000225,93,93,13,104.19100000000223
56,198.41600000000156,99,99,12,99.41600000000156
57,201.70400000000183,97,97,13,104.70400000000181
58,203.87200000000206,90,90,14,113.87200000000205
59,208.02700000000237,89,89,15,119.02700000000237
60,212.10800000000265,91,91,16,121.10800000000265
61,216.09900000000297,95,95,17,121.09900000000297
62,221.1300000000033,96,96,17,125.13000000000328
63,222.11000000000357,93,93,17,129.11000000000357
64,226.09000000000384,93,93,17,133.09000000000384
65,228.0270000000041,92,92,19,136.0270000000041
66,222.82100000000347,84,84,22,138.82100000000347
67,227.48000000000366,73,73,23,154.48000000000366
68,223.13200000000325,62,62,22,161.13200000000325
69,225.72900000000342,51,51,25,174.72900000000342
70,229.2790000000036,46,46,25,183.2790000000036
71,230.73500000000382,44,44,27,186.73500000000382
72,238.106000000004,46,46,28,192.106000000004
73,217.52800000000258,40,40,26,177.52800000000258
74,215.91000000000238,35,35,29,180.91000000000238
75,218.0710000000026,29,29,32,189.0710000000026
76,221.1510000000027,28,28,32,193.1510000000027
77,219.34700000000203,27,27,31,192.34700000000203
78,223.47100000000222,22,22,32,201.47100000000222
79,221.52900000000236,13,13,35,208.52900000000236
80,216.40300000000207,15,15,37,201.40300000000207
81,223.20800000000213,15,15,38,208.20800000000213
82,226.90300000000227,16,16,39,210.90300000000227
83,227.53200000000237,13,13,40,214.53200000000237
84,216.16700000000213,10,10,41,206.16700000000213
85,200.79000000000138,7,7,39,193.79000000000138
86,201.41600000000147,5,5,41,196.41600000000147
87,201.95600000000155,1,1,42,200.95600000000155
88,207.38300000000157,7,7,43,200.38300000000157
89,207.75100000000165,7,7,44,200.75100000000165
90,214.15800000000166,10,10,43,204.15800000000166
91,203.58100000000144,7,7,43,196.58100000000144
92,206.97000000000133,4,4,43,202.97000000000133
93,203.42600000000178,3,3,42,200.42600000000178
94,191.93400000000096,4,4,41,187.93400000000096
95,194.556000000001,2,2,41,192.556000000001
96,199.07400000000106,7,7,42,192.07400000000106
97,204.59600000000108,4,4,42,200.59600000000108
98,205.00200000000126,4,4,43,201.00200000000126
99,194.544,10,10,40,184.544
100,165.2950000000001,6,6,36,159.2950000000001
101,168.0990000000002,4,4,36,164.0990000000002
102,156.9570000000006,5,5,35,151.9570000000006
103,153.89299999999957,6,6,35,147.89299999999957
104,151.8329999999996,5,5,34,146.8329999999996
105,151.77399999999994,8,8,33,143.77399999999994
106,147.92799999999997,9,9,31,138.92799999999997
107,141.1149999999997,4,4,30,137.1149999999997
108,122.42499999999933,7,7,26,115.42499999999933
109,129.89099999999925,7,7,26,122.89099999999925
110,133.34499999999915,4,4,27,129.34499999999915
111,126.76399999999957,4,4,27,122.76399999999957
112,123.17499999999998,2,2,26,121.17499999999998
113,114.6869999999996,5,5,24,109.6869999999996
114,113.32099999999917,10,10,23,103.32099999999917
115,113.9779999999993,9,9,22,104.9779999999993
116,120.65799999999928,8,8,22,112.65799999999928
117,113.39499999999934,12,12,20,101.39499999999934
118,105.26599999999962,12,12,19,93.26599999999962
119,97.11799999999947,8,8,19,89.11799999999947
120,93.02299999999948,10,10,18,83.02299999999948
121,90.97899999999947,11,11,17,79.97899999999947
122,96.9929999999994,10,10,17,86.9929999999994
123,102.98999999999931,7,7,17,95.98999999999931
124,104.9459999999992,7,7,18,97.9459999999992
125,104.93499999999949,11,11,16,93.93499999999949
126,101.95899999999952,9,9,17,92.95899999999952
127,104.48199999999946,11,11,18,93.48199999999946
128,104.48199999999946,11,11,18,93.48199999999946
129,104.48199999999946,11,11,18,93.48199999999946
130,104.48199999999946,11,11,18,93.48199999999946
131,104.48199999999946,11,11,18,93.48199999999946
132,104.48199999999946,11,11,18,93.48199999999946
133,106.0139999999994,10,10,18,96.0139999999994
134,103.97899999999932,10,10,17,93.97899999999932
135,103.94699999999924,9,9,18,94.94699999999924
136,100.9029999999995,8,8,17,92.9029999999995
137,105.9339999999995,7,7,17,98.9339999999995
138,101.97599999999929,8,8,17,93.97599999999929
139,104.04099999999943,6,6,17,98.04099999999943
140,101.10999999999927,6,6,16,95.10999999999927
141,102.11799999999943,5,5,17,97.11799999999943
142,106.13200000000003,10,10,16,96.13200000000003
143,106.18700000000045,12,12,16,94.18700000000045
144,110.2590000000006,10,10,16,100.2590000000006
145,105.26200000000054,7,7,17,98.26200000000054
146,106.16300000000062,9,9,20,97.16300000000062
147,110.98300000000067,9,9,20,101.98300000000067
148,111.76800000000082,8,8,21,103.76800000000082
149,120.54800000000097,11,11,21,109.54800000000097
150,122.35800000000101,13,13,20,109.35800000000101
151,130.15800000000115,10,10,20,120.15800000000115
152,125.01400000000089,6,6,19,119.01400000000089
153,124.843000000001,4,4,20,120.843000000001
154,119.6280000000008,7,7,20,112.6280000000008
155,124.43700000000084,7,7,21,117.43700000000084
156,126.17400000000083,7,7,22,119.17400000000083
157,129.86500000000095,7,7,23,122.86500000000095
158,122.57600000000048,4,4,22,118.57600000000048
159,119.24500000000029,4,4,22,115.24500000000029
160,111.91700000000047,4,4,22,107.91700000000047
161,121.61900000000054,7,7,22,114.61900000000054
162,127.28500000000061,11,11,23,116.28500000000061
163,131.9490000000006,12,12,23,119.94900000000061
164,133.52600000000007,12,12,23,121.52600000000007
165,135.0910000000001,6,6,25,129.0910000000001
166,126.59199999999977,7,7,26,119.59199999999977
167,120.07799999999948,5,5,25,115.07799999999948
168,123.6279999999995,6,6,25,117.6279999999995
169,117.11699999999917,1,1,24,116.11699999999917
170,110.7519999999993,3,3,23,107.7519999999993
171,119.37199999999922,6,6,23,113.37199999999922
172,115.00699999999897,8,8,23,107.00699999999897
173,117.62699999999899,3,3,23,114.62699999999899
174,113.23299999999905,6,6,23,107.23299999999905
175,117.85299999999903,4,4,23,113.85299999999903
176,122.49599999999904,4,4,23,118.49599999999904
177,117.16899999999886,7,7,22,110.16899999999886
178,117.86299999999929,12,12,22,105.86299999999929
179,112.5979999999992,10,10,21,102.5979999999992
180,99.46299999999916,7,7,19,92.46299999999916
181,101.32299999999911,3,3,19,98.32299999999911
182,98.23099999999938,6,6,18,92.23099999999938
183,97.18599999999932,7,7,17,90.18599999999932
184,101.15399999999934,6,6,18,95.15399999999934
185,103.1279999999993,6,6,18,97.1279999999993
186,102.07099999999942,8,8,17,94.07099999999942
187,105.0509999999994,5,5,17,100.0509999999994
188,103.06299999999939,8,8,17,95.06299999999939
189,97.04699999999941,8,8,18,89.04699999999941
190,93.00099999999922,10,10,17,83.00099999999922
191,95.00599999999922,11,11,16,84.00599999999922
192,90.02899999999967,9,9,16,81.02899999999967
193,86.08799999999972,11,11,15,75.08799999999972
194,92.20299999999979,7,7,15,85.20299999999979
195,103.30299999999991,13,13,15,90.30299999999991
196,102.44699999999982,12,12,14,90.44699999999982
197,97.64899999999986,12,12,13,85.64899999999986
198,84.868,7,7,13,77.868
199,85.11799999999992,15,15,12,70.11799999999992
200,75.47800000000007,12,12,11,63.47800000000006
201,74.8060000000001,9,9,12,65.8060000000001
202,81.05900000000013,12,12,13,69.05900000000013
203,88.27900000000017,15,15,13,73.27900000000017
204,96.49900000000024,14,14,13,82.49900000000024
205,102.66300000000021,21,21,14,81.66300000000021
206,104.82700000000033,18,18,15,86.82700000000033
207,111.94200000000045,14,14,15,97.94200000000045
208,112.09800000000048,17,17,14,95.09800000000048
209,114.2440000000006,12,12,14,102.2440000000006
210,117.43200000000076,15,15,14,102.43200000000076
211,122.59200000000094,16,16,14,106.59200000000094
212,119.78800000000068,13,13,13,106.78800000000068
213,117.88400000000085,13,13,17,104.88400000000085
214,121.88100000000102,11,11,17,110.88100000000102
215,122.80000000000106,9,9,19,113.80000000000106
216,123.61000000000122,5,5,21,118.61000000000122
217,126.36900000000136,5,5,23,121.36900000000136
218,121.04200000000124,5,5,22,116.04200000000124
219,122.65700000000133,4,4,24,118.65700000000133
220,127.2650000000015,6,6,24,121.2650000000015
221,127.81200000000163,7,7,25,120.81200000000163
222,120.39800000000153,9,9,25,111.39800000000153
223,111.03100000000082,12,12,23,99.03100000000082
224,115.65100000000092,12,12,23,103.65100000000092
225,112.29700000000085,8,8,22,104.29700000000085
226,117.94000000000105,8,8,23,109.94000000000105
227,118.58300000000118,4,4,23,114.58300000000118
228,126.1840000000013,8,8,24,118.1840000000013
229,131.69200000000134,12,12,25,119.69200000000134
230,133.1910000000014,9,9,26,124.19100000000141
231,129.65900000000062,11,11,25,118.6590000000006
232,126.21500000000022,12,12,24,114.21500000000022
233,127.76400000000018,7,7,26,120.76400000000018
234,123.27699999999959,3,3,25,120.27699999999959
235,122.80099999999945,4,4,25,118.80099999999945
236,122.32199999999962,8,8,25,114.32199999999962
237,122.32199999999962,8,8,25,114.32199999999962
238,122.32199999999962,8,8,25,114.32199999999962
239,126.62199999999963,11,11,25,115.62199999999963
240,132.08299999999957,12,12,26,120.08299999999956
241,127.52299999999998,6,6,26,121.52299999999998
242,125.28199999999968,8,8,25,117.28199999999968
243,125.28199999999968,8,8,25,117.28199999999968
244,125.28199999999968,8,8,25,117.28199999999968
245,125.28199999999968,8,8,25,117.28199999999968
246,118.9129999999993,5,5,24,113.9129999999993
247,130.5209999999993,11,11,24,119.5209999999993
248,133.06799999999927,8,8,25,125.06799999999927
249,143.6179999999993,11,11,25,132.6179999999993
250,147.1409999999994,4,4,26,143.1409999999994
251,149.5559999999994,2,2,27,147.5559999999994
252,135.98599999999914,6,6,26,129.98599999999914
253,128.50999999999914,6,6,24,122.50999999999915
254,128.0949999999993,4,4,23,124.09499999999927
255,123.76999999999927,5,5,23,118.76999999999927
256,108.48899999999917,9,9,20,99.48899999999917
257,109.32199999999901,7,7,19,102.32199999999901
258,105.25999999999927,5,5,18,100.25999999999927
259,102.2189999999991,5,5,17,97.2189999999991
260,98.20499999999909,6,6,16,92.20499999999909
261,101.27699999999905,6,6,16,95.27699999999905
262,96.36899999999895,7,7,15,89.36899999999895
263,102.48399999999897,9,9,15,93.48399999999897
264,104.583999999999,7,7,15,97.583999999999
265,100.68899999999907,10,10,15,90.68899999999907
266,106.78899999999902,9,9,15,97.78899999999902
267,112.88899999999907,8,8,15,104.88899999999907
268,107.05899999999899,11,11,14,96.05899999999899
269,113.21899999999901,15,15,14,98.21899999999901
270,113.40599999999931,19,19,13,94.40599999999931
271,113.57999999999946,14,14,14,99.57999999999946
272,110.71599999999977,16,16,14,94.71599999999977
273,105.92199999999961,18,18,13,87.92199999999961
274,110.14199999999973,18,18,13,92.14199999999973
275,97.41899999999966,20,20,11,77.41899999999966
276,99.69799999999987,14,14,13,85.69799999999987
277,93.95899999999989,12,12,12,81.95899999999989
278,87.27100000000021,10,10,12,77.27100000000021
279,91.47200000000035,14,14,14,77.47200000000035
280,96.63200000000055,12,12,14,84.63200000000055
281,99.76100000000066,11,11,15,88.76100000000066
282,96.91800000000052,10,10,14,86.91800000000052
283,104.07800000000063,13,13,14,91.07800000000063
284,93.27800000000043,14,14,12,79.27800000000043
285,95.5580000000005,12,12,12,83.5580000000005
286,90.88800000000042,13,13,11,77.88800000000042
287,95.22800000000056,12,12,11,83.22800000000056
288,89.57600000000058,8,8,10,81.57600000000058
289,92.97600000000065,9,9,10,83.97600000000065
290,100.37600000000076,15,15,10,85.37600000000076
291,106.76500000000091,20,20,11,86.76500000000091
292,110.08000000000108,18,18,12,92.08000000000108
293,109.29000000000119,16,16,14,93.29000000000119
294,112.44600000000136,16,16,15,96.44600000000136
295,114.55900000000153,17,17,16,97.55900000000153
296,118.57500000000171,18,18,17,100.57500000000171
297,122.57200000000182,19,19,17,103.57200000000182
298,129.56900000000198,21,21,17,108.56900000000198
299,124.5290000000012,21,21,18,103.5290000000012
300,128.4670000000013,18,18,18,110.46700000000128
301,131.36500000000143,14,14,19,117.36500000000142
302,123.30100000000078,10,10,19,113.30100000000078
303,122.12300000000087,9,9,21,113.12300000000087
304,118.90000000000059,9,9,20,109.90000000000059
305,117.7030000000006,12,12,21,105.7030000000006
306,122.4430000000007,6,6,21,116.4430000000007
307,126.1940000000007,5,5,22,121.1940000000007
308,129.89600000000084,8,8,22,121.89600000000084
309,126.63300000000038,7,7,21,119.63300000000038
310,122.42700000000055,9,9,21,113.42700000000055
311,129.21200000000053,10,10,22,119.21200000000053
312,119.94500000000028,12,12,21,107.94500000000028
313,116.73599999999979,10,10,20,106.73599999999979
314,118.5389999999998,6,6,21,112.5389999999998
315,117.34599999999959,8,8,20,109.34599999999959
316,117.12499999999963,6,6,21,111.12499999999963
317,119.82799999999962,3,3,22,116.82799999999962
318,122.52999999999966,4,4,22,118.52999999999966
319,125.20999999999967,4,4,22,121.20999999999967
320,127.91199999999967,4,4,22,123.91199999999967
321,130.54899999999972,3,3,23,127.54899999999972
322,136.1919999999997,5,5,23,131.1919999999997
323,137.81199999999973,5,5,23,132.81199999999973
324,137.34099999999978,4,4,26,133.34099999999978
325,131.83899999999957,9,9,25,122.83899999999957
326,128.3659999999997,8,8,25,120.3659999999997
327,116.97200000000028,7,7,23,109.97200000000028
328,115.64500000000017,8,8,22,107.64500000000017
329,115.33999999999968,14,14,21,101.33999999999968
330,113.10099999999865,13,13,21,100.10099999999865
331,119.8409999999986,14,14,21,105.8409999999986
332,121.58099999999857,12,12,21,109.58099999999857
333,108.41099999999926,9,9,19,99.41099999999926
334,114.32799999999918,10,10,19,104.32799999999918
335,111.20199999999927,8,8,18,103.20199999999927
336,110.14199999999973,7,7,18,103.14199999999973
337,100.1239999999993,14,14,16,86.1239999999993
338,105.21599999999927,13,13,16,92.21599999999927
339,99.3319999999993,15,15,14,84.3319999999993
340,95.49999999999959,17,17,13,78.49999999999959
341,98.71999999999967,9,9,13,89.71999999999967
342,102.83899999999984,10,10,15,92.83899999999984
343,107.82899999999987,13,13,18,94.82899999999987
344,106.78700000000035,15,15,17,91.78700000000035
345,102.80600000000034,16,16,16,86.80600000000034
346,101.92500000000025,17,17,15,84.92500000000025
347,95.00000000000043,15,15,15,80.00000000000043
348,98.10000000000046,14,14,15,84.10000000000046
349,104.20000000000056,16,16,15,88.20000000000056
350,89.38300000000032,16,16,13,73.38300000000032
351,94.60200000000049,14,14,14,80.60200000000049
352,96.78800000000062,12,12,15,84.78800000000062
353,102.9180000000007,10,10,15,92.9180000000007
354,103.95900000000086,10,10,17,93.95900000000086
355,108.86300000000092,12,12,18,96.86300000000092
356,110.80100000000103,6,6,18,104.80100000000103
357,111.76900000000091,14,14,17,97.76900000000091
358,95.8240000000002,14,14,17,81.8240000000002
359,99.80400000000004,12,12,17,87.80400000000004
360,102.8309999999999,12,12,16,90.8309999999999
361,106.90299999999996,12,12,16,94.90299999999996
362,110.90600000000002,12,12,18,98.90600000000002
363,115.84400000000007,15,15,18,100.84400000000007
364,109.83600000000031,16,16,17,93.83600000000031
365,115.8330000000004,13,13,17,102.8330000000004
366,121.83000000000055,16,16,17,105.83000000000055
367,124.77900000000065,14,14,18,110.77900000000065
368,131.69900000000072,11,11,18,120.69900000000072
369,127.52900000000052,13,13,20,114.52900000000052
370,132.30200000000053,12,12,22,120.30200000000053
371,138.8750000000005,13,13,24,125.87500000000053
372,135.50200000000024,10,10,23,125.50200000000022
373,141.16800000000023,9,9,23,132.16800000000023
374,143.78800000000024,10,10,23,133.78800000000024
375,133.4190000000003,15,15,21,118.4190000000003
376,130.17999999999972,15,15,19,115.17999999999971
377,125.07199999999953,11,11,18,114.07199999999953
378,132.02999999999952,15,15,19,117.02999999999953
379,135.8959999999995,9,9,20,126.89599999999952
380,137.68599999999958,6,6,21,131.68599999999958
381,135.38899999999916,10,10,21,125.38899999999914
382,136.1709999999991,7,7,21,129.1709999999991
383,138.9319999999992,6,6,21,132.9319999999992
384,143.71399999999932,7,7,21,136.71399999999932
385,140.47299999999942,8,8,21,132.47299999999942
386,134.19299999999907,10,10,22,124.19299999999907
387,143.8729999999991,9,9,22,134.8729999999991
388,125.61999999999924,11,11,20,114.61999999999924
389,128.41999999999922,6,6,20,122.41999999999922
390,135.23999999999933,8,8,20,127.23999999999931
391,143.01399999999938,16,16,21,127.01399999999938
392,132.81199999999995,10,10,19,122.81199999999995
393,133.62400000000017,6,6,20,127.62400000000017
394,135.38100000000034,6,6,22,129.38100000000034
395,137.0830000000004,6,6,22,131.0830000000004
396,120.83399999999993,7,7,20,113.83399999999993
397,124.65400000000015,8,8,20,116.65400000000015
398,130.42800000000034,7,7,21,123.42800000000034
399,136.1470000000006,9,9,21,127.14700000000059
400,138.7730000000007,9,9,24,129.7730000000007
401,137.37000000000015,8,8,23,129.37000000000015
402,134.99600000000035,12,12,22,122.99600000000035
403,125.69399999999996,11,11,22,114.69399999999996
404,108.4799999999998,11,11,19,97.4799999999998
405,101.33499999999952,8,8,19,93.33499999999952
406,106.19499999999945,10,10,19,96.19499999999945
407,113.02499999999941,8,8,20,105.02499999999941
408,114.82499999999942,8,8,20,106.82499999999942
409,119.64099999999938,10,10,21,109.64099999999938
410,127.38099999999932,9,9,21,118.38099999999932
411,125.13399999999949,10,10,20,115.13399999999949
412,131.90699999999947,11,11,21,120.90699999999946
413,130.67699999999996,9,9,21,121.67699999999996
414,118.4829999999992,14,14,21,104.4829999999992
415,124.24099999999906,15,15,22,109.24099999999906
416,125.92099999999897,7,7,22,118.92099999999897
417,132.62299999999897,10,10,22,122.62299999999897
418,140.34699999999904,9,9,22,131.34699999999904
419,132.06499999999943,11,11,21,121.06499999999942
420,127.84599999999932,8,8,21,119.84599999999932
421,134.5759999999994,9,9,22,125.57599999999941
422,128.32499999999942,9,9,22,119.32499999999942
423,132.00499999999946,10,10,22,122.00499999999946
424,124.72499999999926,6,6,22,118.72499999999926
425,127.40499999999936,6,6,22,121.40499999999936
426,119.0969999999995,5,5,22,114.0969999999995
427,127.7769999999996,6,6,22,121.7769999999996
428,120.5039999999994,10,10,22,110.5039999999994
429,123.18399999999953,9,9,22,114.18399999999953
430,128.8699999999996,8,8,23,120.86999999999962
431,129.473,9,9,23,120.473
432,133.09300000000002,6,6,23,127.09300000000003
433,120.69100000000051,10,10,22,110.69100000000051
434,128.3710000000005,12,12,22,116.37100000000049
435,133.05100000000044,11,11,22,122.05100000000043
436,136.73100000000045,11,11,22,125.73100000000045
437,124.51099999999977,13,13,21,111.51099999999977
438,119.24999999999994,8,8,22,111.24999999999994
439,122.95199999999966,7,7,22,115.95199999999966
440,134.63199999999944,14,14,22,120.63199999999944
441,133.38399999999908,7,7,21,126.38399999999908
442,138.12399999999909,7,7,21,131.12399999999909
443,133.90899999999908,9,9,21,124.9089999999991
444,137.6319999999991,9,9,22,128.6319999999991
445,133.268999999999,2,2,22,131.268999999999
446,140.97099999999915,7,7,22,133.97099999999915
447,136.69299999999924,7,7,21,129.69299999999924
448,124.46199999999936,5,5,20,119.46199999999936
449,118.28399999999966,6,6,19,112.28399999999966
450,121.16299999999978,5,5,19,116.16299999999978
451,125.94599999999996,6,6,21,119.94599999999996
452,126.65900000000008,2,2,22,124.65900000000008
453,120.37500000000036,2,2,22,118.37500000000036
454,112.12600000000025,4,4,21,108.12600000000025
455,109.86100000000016,7,7,21,102.86100000000016
456,109.65100000000025,11,11,20,98.65100000000025
457,114.47100000000026,13,13,20,101.47100000000026
458,111.30800000000015,13,13,19,98.30800000000015
459,115.10800000000012,11,11,20,104.10800000000012
460,115.9739999999994,15,15,19,100.9739999999994
461,108.85999999999899,13,13,19,95.85999999999899
462,107.75699999999927,12,12,18,95.75699999999927
463,110.66399999999922,8,8,19,102.66399999999922
464,98.58699999999938,9,9,16,89.58699999999938
465,102.64299999999933,8,8,16,94.64299999999933
466,99.69499999999911,8,8,16,91.69499999999911
467,94.75599999999896,10,10,16,84.75599999999896
468,99.82799999999894,9,9,16,90.82799999999894
469,102.85199999999895,9,9,16,93.85199999999895
470,103.91199999999913,9,9,15,94.91199999999913
471,110.02699999999913,10,10,15,100.02699999999913
472,97.14599999999909,12,12,14,85.14599999999909
473,100.31999999999914,10,10,14,90.31999999999914
474,103.45299999999921,10,10,15,93.45299999999921
475,109.48799999999925,13,13,17,96.48799999999925
476,111.48499999999932,9,9,17,102.48499999999932
477,102.49899999999957,12,12,16,90.49899999999957
478,99.52000000000008,10,10,16,89.52000000000008
479,106.52500000000019,14,14,17,92.52500000000019
480,113.52200000000029,15,15,17,98.52200000000029
481,117.50200000000045,15,15,17,102.50200000000045
482,121.45000000000066,17,17,18,104.45000000000066
483,125.3670000000009,16,16,19,109.3670000000009
484,115.20900000000086,8,8,19,107.20900000000086
485,115.01600000000087,13,13,20,102.01600000000087
486,113.87000000000052,16,16,19,97.87000000000052
487,113.78700000000063,19,19,18,94.78700000000063
488,112.6630000000008,12,12,19,100.6630000000008
489,104.52400000000057,12,12,20,92.52400000000057
490,109.30600000000057,5,5,21,104.30600000000057
491,113.07600000000065,6,6,23,107.07600000000065
492,112.70100000000019,8,8,22,104.70100000000019
493,115.31800000000027,6,6,24,109.31800000000027
494,116.8780000000004,6,6,24,110.8780000000004
495,109.51300000000074,2,2,23,107.51300000000074
496,113.13300000000082,4,4,23,109.13300000000082
497,110.75200000000058,8,8,23,102.75200000000058
498,116.39500000000056,6,6,23,110.39500000000056
499,124.0380000000006,7,7,23,117.0380000000006
500,120.68300000000077,9,9,23,111.68300000000077
501,119.34900000000064,7,7,22,112.34900000000064
502,122.07300000000072,4,4,22,118.07300000000072
503,124.6970000000008,6,6,24,118.6970000000008
504,129.22100000000086,9,9,25,120.22100000000086
505,131.71500000000077,8,8,25,123.71500000000076
506,139.21100000000084,10,10,26,129.21100000000084
507,149.65100000000083,16,16,26,133.65100000000083
508,137.03499999999997,12,12,26,125.03499999999998
509,134.5040000000002,7,7,25,127.50400000000018
510,135.0260000000003,6,6,26,129.0260000000003
511,129.43799999999962,7,7,27,122.43799999999962
512,128.861,11,11,25,117.86099999999999
513,129.35700000000003,5,5,26,124.35700000000003
514,134.785,6,6,27,128.785
515,133.2270000000002,10,10,26,123.22700000000022
516,139.64100000000016,8,8,26,131.64100000000016
517,134.09200000000064,5,5,27,129.09200000000064
518,117.53000000000053,6,6,24,111.53000000000053
519,123.08600000000045,9,9,26,114.08600000000045
520,129.5260000000002,11,11,26,118.52600000000021
521,124.02099999999966,10,10,25,114.02099999999966
522,123.54899999999971,8,8,24,115.54899999999971
523,124.16599999999949,10,10,23,114.16599999999949
524,120.84399999999962,6,6,22,114.84399999999962
525,113.59699999999938,6,6,20,107.59699999999938
526,115.39599999999942,5,5,21,110.39599999999942
527,107.23899999999907,7,7,19,100.23899999999907
528,114.09899999999915,8,8,19,106.09899999999915
529,112.92599999999929,5,5,20,107.92599999999929
530,109.72699999999902,11,11,19,98.72699999999902
531,114.58699999999912,9,9,19,105.58699999999912
532,120.44699999999922,11,11,19,109.44699999999922
533,124.29199999999933,12,12,20,112.29199999999933
534,118.10799999999948,10,10,20,108.10799999999948
535,120.89999999999972,6,6,21,114.89999999999972
536,114.68900000000026,11,11,19,103.68900000000026
537,120.51400000000048,11,11,20,109.51400000000048
538,113.3930000000006,6,6,19,107.3930000000006
539,107.33700000000047,8,8,19,99.33700000000047
540,108.3030000000005,9,9,18,99.3030000000005
541,94.19200000000014,9,9,17,85.19200000000014
542,98.16700000000007,8,8,18,90.16700000000007
543,104.08699999999989,9,9,18,95.08699999999989
544,95.03400000000045,11,11,17,84.03400000000045
545,88.0119999999997,10,10,17,78.0119999999997
546,85.11799999999977,9,9,16,76.11799999999977
547,86.26099999999975,8,8,17,78.26099999999975
548,84.37999999999968,8,8,16,76.37999999999968
549,88.54199999999972,6,6,17,82.54199999999972
550,90.60699999999972,5,5,17,85.60699999999972
551,87.67599999999973,12,12,16,75.67599999999973
552,90.84399999999977,10,10,16,80.84399999999977
553,95.91899999999981,11,11,17,84.91899999999981
554,92.13800000000006,13,13,16,79.13800000000006
555,99.25800000000014,13,13,16,86.25800000000014
556,106.27700000000024,15,15,17,91.27700000000024
557,106.2340000000004,10,10,19,96.2340000000004
558,108.17000000000057,10,10,20,98.17000000000057
559,110.99600000000069,9,9,21,101.99600000000069
560,114.71600000000072,10,10,22,104.71600000000072
561,113.42500000000072,9,9,22,104.42500000000072
562,115.20100000000076,7,7,23,108.20100000000076
563,121.84400000000082,8,8,23,113.84400000000082
564,117.5060000000011,9,9,24,108.5060000000011
565,116.03700000000124,7,7,26,109.03700000000124
566,122.58100000000138,6,6,26,116.58100000000138
567,130.15100000000157,6,6,26,124.15100000000157
568,130.15100000000157,6,6,26,124.15100000000157
569,130.15100000000157,6,6,26,124.15100000000157
570,130.15100000000157,6,6,26,124.15100000000157
571,130.15100000000157,6,6,26,124.15100000000157
572,130.15100000000157,6,6,26,124.15100000000157
573,130.15100000000157,6,6,26,124.15100000000157
574,130.15100000000157,6,6,26,124.15100000000157
575,130.15100000000157,6,6,26,124.15100000000157
576,130.15100000000157,6,6,26,124.15100000000157
577,130.15100000000157,6,6,26,124.15100000000157
578,130.15100000000157,6,6,26,124.15100000000157
579,130.15100000000157,6,6,26,124.15100000000157
580,130.15100000000157,6,6,26,124.15100000000157
581,130.15100000000157,6,6,26,124.15100000000157
582,130.15100000000157,6,6,26,124.15100000000157
583,130.15100000000157,6,6,26,124.15100000000157
584,130.15100000000157,6,6,26,124.15100000000157
585,130.15100000000157,6,6,26,124.15100000000157
586,130.15100000000157,6,6,26,124.15100000000157
587,130.15100000000157,6,6,26,124.15100000000157
588,130.15100000000157,6,6,26,124.15100000000157
589,130.15100000000157,6,6,26,124.15100000000157
590,130.15100000000157,6,6,26,124.15100000000157
591,130.15100000000157,6,6,26,124.15100000000157
592,130.15100000000157,6,6,26,124.15100000000157
593,130.15100000000157,6,6,26,124.15100000000157
594,130.15100000000157,6,6,26,124.15100000000157
595,130.15100000000157,6,6,26,124.15100000000157
596,130.15100000000157,6,6,26,124.15100000000157
597,130.15100000000157,6,6,26,124.15100000000157
598,130.15100000000157,6,6,26,124.15100000000157
599,130.15100000000157,6,6,26,124.15100000000157
600,130.15100000000157,6,6,26,124.15100000000157
601,130.15100000000157,6,6,26,124.15100000000157
602,130.15100000000157,6,6,26,124.15100000000157
603,130.15100000000157,6,6,26,124.15100000000157
604,130.15100000000157,6,6,26,124.15100000000157
605,130.15100000000157,6,6,26,124.15100000000157
606,130.15100000000157,6,6,26,124.15100000000157
607,130.15100000000157,6,6,26,124.15100000000157
608,130.15100000000157,6,6,26,124.15100000000157
609,130.15100000000157,6,6,26,124.15100000000157
610,130.15100000000157,6,6,26,124.15100000000157
611,130.15100000000157,6,6,26,124.15100000000157
612,130.15100000000157,6,6,26,124.15100000000157
613,130.15100000000157,6,6,26,124.15100000000157
614,130.15100000000157,6,6,26,124.15100000000157
615,130.15100000000157,6,6,26,124.15100000000157
616,130.15100000000157,6,6,26,124.15100000000157
617,130.15100000000157,6,6,26,124.15100000000157
618,130.15100000000157,6,6,26,124.15100000000157
619,130.15100000000157,6,6,26,124.15100000000157
620,130.15100000000157,6,6,26,124.15100000000157
621,130.15100000000157,6,6,26,124.15100000000157
622,130.15100000000157,6,6,26,124.15100000000157
623,130.15100000000157,6,6,26,124.15100000000157
624,130.15100000000157,6,6,26,124.15100000000157
625,130.15100000000157,6,6,26,124.15100000000157
626,130.15100000000157,6,6,26,124.15100000000157
627,130.15100000000157,6,6,26,124.15100000000157
628,130.15100000000157,6,6,26,124.15100000000157
629,122.68100000000183,3,3,26,119.68100000000183
630,122.46500000000194,5,5,28,117.46500000000194
631,114.73500000000186,5,5,27,109.73500000000186
632,117.11800000000133,9,9,26,108.11800000000133
633,120.5580000000014,6,6,26,114.5580000000014